<Window size="550,500">
	<Font name="微软雅黑" size="12" default="true" />
	<Font name="Consolas" size="12" />
	<Vertical>
		<Vertical inset="5,5,5,5">
			<Container>
				<Horizontal name="main_wnd">
					<!--最左边的整个竖栏-->
					<Vertical width="110">
						<!--上部分-->
						<Vertical height="200">
							<Horizontal width="110" height="160">
								<!-- 左边的STATIC控件组 -->
								<Vertical width="40" inset="0,3,0,0">
									<Control id="MAINSTATIC_CP" />
									<Control id="MAINSTATIC_BR" />
									<Control id="MAINSTATIC_CHK" />
									<Control id="MAINSTATIC_DATABIT" />
									<Control id="MAINSTATIC_STOPBIT" />
									<Control id="MAINSTATIC_TIMER"/>
								</Vertical>
								<!-- 左边的Combo控件组 -->
								<Vertical>
									<Control id="IDC_CBO_CP" />
									<Control id="IDC_CBO_BR" />
									<Control id="IDC_CBO_CHK" />
									<Control id="IDC_CBO_DATA" />
									<Control id="IDC_CBO_STOP" />
									<Control id="IDC_STATIC_TIMER" inset="0,3,0,0"/>
								</Vertical>
							</Horizontal>
							<!--更多设置 与 打开串口-->
							<Horizontal height="40" width="100">
								<Control id="IDC_BTN_MORE_SETTINGS" width="40"/>
								<Control id="IDC_BTN_OPEN" />
							</Horizontal>
						</Vertical>
						<!--接收格式-->
						<Container height="60">
							<!--GroupBox-->
							<Control id="MAINSTATIC_RECV_FORMAT"/>
							<!--Options-->
							<Vertical inset="10,15,5,5">
								<Control id="IDC_RADIO_RECV_HEX" />
								<Control id="IDC_RADIO_RECV_CHAR" />
							</Vertical>
						</Container>
						<Control height="5"/>
						<!--发送格式-->
						<Container name="send_fmt" height="60">
							<!--GroupBox-->
							<Control id="MAINSTATIC_SEND_FORMAT"/>
							<!--Options-->
							<Horizontal>
								<Vertical inset="10,15,5,5">
									<Control id="IDC_RADIO_SEND_HEX"/>
									<Control id="IDC_RADIO_SEND_CHAR"/>
								</Vertical>
								<Vertical width="30" inset="5,10,5,0">
									<Control />
									<Control id="IDC_BTN_SEND_FMT_CONFIG" height="20"/>
									<Control />
								</Vertical>
							</Horizontal>
						</Container>
						<Control height="5"/>
						<!--自动发送-->
						<Container name="auto_send" height="44">
							<!--GroupBox-->
							<Control id="MAINSTATIC_AUTOSEND"/>
							<!--Children-->
							<Horizontal inset="10,18,5,5">
								<Control id="IDC_CHK_AUTO_SEND" width="15"/>
								<Control id="IDC_EDIT_DELAY" inset="5,0,5,0"/>
							</Horizontal>
						</Container>
						<!--简洁模式下左边加一个常用面板-->
						<Vertical name="simple_mode_panel" height="40" visible="false">
							<Control name="simple_mode_help_btn" id="IDC_BTN_HELP" height="35" inset="5,0,5,5"/>
						</Vertical>
						<!--留空-->
						<Control />
						<!--窗口置顶 & 简洁模式-->
						<Control id="IDC_CHK_TOP" height="20" inset="10,0,0,5"/>
						<Control id="IDC_CHECK_SIMPLE" height="20" inset="10,0,0,5"/>
					</Vertical>
					<!--右边整个部分-->
					<Vertical>
						<!--数据接收显示窗口-->
						<Container name="recv_wnd" inset="10,5,5,5" minheight="200">
							<Control id="IDC_EDIT_RECV" name="edit_recv_hex" font="1" visible="false"/>
							<Control id="IDC_EDIT_RECV2" name="edit_recv_char"/>
						</Container>
						<!--中间的按钮-->
						<Horizontal name="recv_btns" height="30" inset="10,0,3,0">
							<Control id="IDC_BTN_COPY_RECV" />
							<Control id="IDC_BTN_CLR_RECV" />
							<Control id="IDC_BTN_STOPDISP" />
							<Control id="IDC_BTN_SAVEFILE" />
							<Control id="IDC_BTN_HELP" width="60"/>
						</Horizontal>
						<!--发送数据窗口-->
						<Container name="send_wnd" height="80" inset="10,5,5,5">
							<Control id="IDC_EDIT_SEND" font="1"/>
						</Container>
						<!--下边部分-->
						<Horizontal name="send_btns" height="60" inset="10,0,0,0">
							<!--左边-->
							<Vertical>
								<!--下边按钮-->
								<Horizontal height="36" inset="0,3,0,3">
									<Control id="IDC_BTN_COPY_SEND" />
									<Control id="IDC_BTN_CLR_SEND" />
									<Control id="IDC_BTN_CLR_COUNTER" />
									<Control id="IDC_BTN_LOADFILE" />	
								</Horizontal>
								<!--状态栏-->
								<Control id="IDC_STATIC_STATUS" height="24"/>
							</Vertical>
							<!--发送按钮-->
							<Control id="IDC_BTN_SEND" width="60" inset="10,5,0,5"/>
						</Horizontal>
					</Vertical>
				</Horizontal>
				<Container name="fullscreen_recv_rich_wnd" visible="false">
					<Control id="IDC_EDIT_RECV2" name="edit_recv_char"/>
				</Container>
			</Container>
		</Vertical>
	</Vertical>
</Window>
